도로명주소,지번주소
도림로 203(대림동),서울특별시 영등포구 도림로 203 (대림동)
신길로 1(대림동),서울특별시 영등포구 신길로 1 (대림동)
가마산로89길 7(신길동),서울특별시 영등포구 가마산로89길 7 (신길동)
여의대방로 53길 22(신길동),서울특별시 영등포구 여의대방로53길 22 (신길동)
여의대방로 61길 55(신길동),서울특별시 영등포구 여의대방로61길 55 (신길동)
국회대로76길18(여의도동),서울특별시 영등포구 국회대로76길 18 (여의도동)
63로 50 (여의도동),서울특별시 영등포구 63로 50 (여의도동)
국회대로539 TCC center(당산동),서울특별시 영등포구 국회대로 539 (당산동4가)
경인로102길 13(영등포동),서울특별시 영등포구 경인로102길 13 (영등포동)
영중로 15(영등포동),서울특별시 영등포구 영중로 15 (영등포동4가)
영등포로 36길 13 (영등포동),서울특별시 영등포구 영등포로36길 13 (영등포동4가)
영등포로 46길 7-6(영등포동),서울특별시 영등포구 영등포로46길 7-6 (영등포동3가)
영중로 41길 5 (영등포동),서울특별시 영등포구 영중로41길 5 (영등포동8가)
양평로21길 25(양평동),서울특별시 영등포구 양평로21길 25 (양평동4가)
국회대로 608(당산동),서울특별시 영등포구 국회대로 608 (당산동3가)
도신로 1-16(대림동),서울특별시 영등포구 도신로 1-16 (대림동)
대방천로 29-18(도림동),서울특별시 영등포구 대방천로 29-18 (도림동)
영등포로 343-10(신길동),서울특별시 영등포구 영등포로 343-10 (신길동)
문래로 110(문래동),서울특별시 영등포구 문래로 110 (문래동3가)
대림로31 나길 17(대림동),서울특별시 영등포구 대림로31나길 17 (대림동)
버드나루로 130(당산동),"서울특별시 영등포구 버드나루로 130 (당산동, 강변삼성래미안아파트)"
당산로27길12(당산동),서울특별시 영등포구 당산로27길 12 (당산동3가)
영중로 15(영등포동),서울특별시 영등포구 영중로 15 (영등포동4가)
영등포로 36길 13 (영등포동),서울특별시 영등포구 영등포로36길 13 (영등포동4가)
영등포로 46길 7-6(영등포동),서울특별시 영등포구 영등포로46길 7-6 (영등포동3가)
영중로 41길 5 (영등포동),서울특별시 영등포구 영중로41길 5 (영등포동8가)
양평로21길 25(양평동),서울특별시 영등포구 양평로21길 25 (양평동4가)
국회대로 608(당산동),서울특별시 영등포구 국회대로 608 (당산동3가)
도신로 1-16(대림동),서울특별시 영등포구 도신로 1-16 (대림동)
대방천로 29-18(도림동),서울특별시 영등포구 대방천로 29-18 (도림동)
영등포로 343-10(신길동),서울특별시 영등포구 영등포로 343-10 (신길동)
문래로 110(문래동),서울특별시 영등포구 문래로 110 (문래동3가)
대림로31 나길 17(대림동),서울특별시 영등포구 대림로31나길 17 (대림동)
당산로27길12(당산동),서울특별시 영등포구 당산로27길 12 (당산동3가)
경인로102길 13(영등포동),서울특별시 영등포구 경인로102길 13 (영등포동)
국회대로539 TCC center(당산동),서울특별시 영등포구 국회대로 539 (당산동4가)
63로 50 (여의도동),서울특별시 영등포구 63로 50 (여의도동)
국회대로76길18(여의도동),서울특별시 영등포구 국회대로76길 18 (여의도동)
여의공원로101(여의도동),서울특별시 영등포구 여의공원로 101 (여의도동)
여의대방로 61길 55(신길동),서울특별시 영등포구 여의대방로61길 55 (신길동)
여의대방로 53길 22(신길동),서울특별시 영등포구 여의대방로53길 22 (신길동)
가마산로89길 7(신길동),서울특별시 영등포구 가마산로89길 7 (신길동)
신길로 1(대림동),서울특별시 영등포구 신길로 1 (대림동)
도림로 203(대림동),서울특별시 영등포구 도림로 203 (대림동)
버드나루로 130(당산동),"서울특별시 영등포구 버드나루로 130 (당산동, 강변삼성래미안아파트)"
도림로313,"서울특별시 영등포구 도림로 313 (신길동, 건영아파트)"
당산로214,"서울특별시 영등포구 당산로 214 (당산동5가, 당산 삼성 래미안)"
여의동로48,서울특별시 영등포구 여의동로 48 (여의도동)
영등포동8가28,
신길로 1(대림동),서울특별시 영등포구 신길로 1 (대림동)
도림로 203(대림동),서울특별시 영등포구 도림로 203 (대림동)
당산로27길12(당산동),서울특별시 영등포구 당산로27길 12 (당산동3가)
대림로31 나길 17(대림동),서울특별시 영등포구 대림로31나길 17 (대림동)
문래로 110(문래동),서울특별시 영등포구 문래로 110 (문래동3가)
영등포로 343-10(신길동),서울특별시 영등포구 영등포로 343-10 (신길동)
대방천로 29-18(도림동),서울특별시 영등포구 대방천로 29-18 (도림동)
도신로 1-16(대림동),서울특별시 영등포구 도신로 1-16 (대림동)
국회대로 608(당산동),서울특별시 영등포구 국회대로 608 (당산동3가)
양평로21길 25(양평동),서울특별시 영등포구 양평로21길 25 (양평동4가)
양평로153 양평스포츠센터(양평동),
영중로 41길 5 (영등포동),서울특별시 영등포구 영중로41길 5 (영등포동8가)
영등포로 46길 7-6(영등포동),서울특별시 영등포구 영등포로46길 7-6 (영등포동3가)
영등포로 36길 13 (영등포동),서울특별시 영등포구 영등포로36길 13 (영등포동4가)
영중로 15(영등포동),서울특별시 영등포구 영중로 15 (영등포동4가)
경인로102길 13(영등포동),서울특별시 영등포구 경인로102길 13 (영등포동)
버드나루로 130(당산동),"서울특별시 영등포구 버드나루로 130 (당산동, 강변삼성래미안아파트)"
국회대로539 TCC center(당산동),서울특별시 영등포구 국회대로 539 (당산동4가)
63로 50 (여의도동),서울특별시 영등포구 63로 50 (여의도동)
국회대로76길18(여의도동),서울특별시 영등포구 국회대로76길 18 (여의도동)
여의공원로101(여의도동),서울특별시 영등포구 여의공원로 101 (여의도동)
여의대방로 61길 55(신길동),서울특별시 영등포구 여의대방로61길 55 (신길동)
여의대방로 53길 22(신길동),서울특별시 영등포구 여의대방로53길 22 (신길동)
가마산로89길 7(신길동),서울특별시 영등포구 가마산로89길 7 (신길동)
국회대로 608(당산동),서울특별시 영등포구 국회대로 608 (당산동3가)
양평로153 양평스포츠센터(양평동),
영중로 41길 5 (영등포동),서울특별시 영등포구 영중로41길 5 (영등포동8가)
영등포로 46길 7-6(영등포동),서울특별시 영등포구 영등포로46길 7-6 (영등포동3가)
영등포로 36길 13 (영등포동),서울특별시 영등포구 영등포로36길 13 (영등포동4가)
영중로 15(영등포동),서울특별시 영등포구 영중로 15 (영등포동4가)
경인로102길 13(영등포동),서울특별시 영등포구 경인로102길 13 (영등포동)
국회대로539 TCC center(당산동),서울특별시 영등포구 국회대로 539 (당산동4가)
국회대로76길18(여의도동),서울특별시 영등포구 국회대로76길 18 (여의도동)
여의대방로 61길 55(신길동),서울특별시 영등포구 여의대방로61길 55 (신길동)
여의대방로 53길 22(신길동),서울특별시 영등포구 여의대방로53길 22 (신길동)
가마산로89길 7(신길동),서울특별시 영등포구 가마산로89길 7 (신길동)
신길로 1(대림동),서울특별시 영등포구 신길로 1 (대림동)
도림로 203(대림동),서울특별시 영등포구 도림로 203 (대림동)
대림로31 나길 17(대림동),서울특별시 영등포구 대림로31나길 17 (대림동)
영등포로 343-10(신길동),서울특별시 영등포구 영등포로 343-10 (신길동)
대방천로 29-18(도림동),서울특별시 영등포구 대방천로 29-18 (도림동)
도신로 1-16(대림동),서울특별시 영등포구 도신로 1-16 (대림동)
양평로21길 25(양평동),서울특별시 영등포구 양평로21길 25 (양평동4가)
63로 50 (여의도동),서울특별시 영등포구 63로 50 (여의도동)
여의공원로101(여의도동),서울특별시 영등포구 여의공원로 101 (여의도동)
당산로27길12(당산동),서울특별시 영등포구 당산로27길 12 (당산동3가)
문래로 110(문래동),서울특별시 영등포구 문래로 110 (문래동3가)
버드나루로 130(당산동),"서울특별시 영등포구 버드나루로 130 (당산동, 강변삼성래미안아파트)"
도림로 203(대림동),서울특별시 영등포구 도림로 203 (대림동)
신길로 1(대림동),서울특별시 영등포구 신길로 1 (대림동)
도신로 73(도림동),서울특별시 영등포구 도신로 73 (도림동)
가마산로89길 7(신길동),서울특별시 영등포구 가마산로89길 7 (신길동)
여의대방로 53길 22(신길동),서울특별시 영등포구 여의대방로53길 22 (신길동)
여의대방로 61길 55(신길동),서울특별시 영등포구 여의대방로61길 55 (신길동)
여의공원로 101(여의도동),서울특별시 영등포구 여의공원로 101 (여의도동)
국회대로76길18(여의도동),서울특별시 영등포구 국회대로76길 18 (여의도동)
63로 50 (여의도동),서울특별시 영등포구 63로 50 (여의도동)
버드나루로 130(당산동),"서울특별시 영등포구 버드나루로 130 (당산동, 강변삼성래미안아파트)"
국회대로539 TCC center(당산동),서울특별시 영등포구 국회대로 539 (당산동4가)
경인로102길 13(영등포동),서울특별시 영등포구 경인로102길 13 (영등포동)
영중로 15(영등포동),서울특별시 영등포구 영중로 15 (영등포동4가)
영등포로 36길 13 (영등포동),서울특별시 영등포구 영등포로36길 13 (영등포동4가)
영등포로 46길 7-6(영등포동),서울특별시 영등포구 영등포로46길 7-6 (영등포동3가)
영중로 41길 5 (영등포동),서울특별시 영등포구 영중로41길 5 (영등포동8가)
양평로153 양평스포츠센터(양평동),
양평로21길 25(양평동),서울특별시 영등포구 양평로21길 25 (양평동4가)
의사당대로 1 국회(여의도동),서울특별시 영등포구 의사당대로 1 (여의도동)
국회대로 608(당산동),서울특별시 영등포구 국회대로 608 (당산동3가)
도신로 1-16(대림동),서울특별시 영등포구 도신로 1-16 (대림동)
대방천로 29-18(도림동),서울특별시 영등포구 대방천로 29-18 (도림동)
영등포로 343-10(신길동),서울특별시 영등포구 영등포로 343-10 (신길동)
문래로 110(문래동),서울특별시 영등포구 문래로 110 (문래동3가)
대림로31 나길 17(대림동),서울특별시 영등포구 대림로31나길 17 (대림동)
버드나루로 130(당산동),"서울특별시 영등포구 버드나루로 130 (당산동, 강변삼성래미안아파트)"
당산로27길12(당산동),서울특별시 영등포구 당산로27길 12 (당산동3가)
